id,wechatName,dscName,address,dscStaked,dscAvailable,sccAvailable,usdsBalance,sccStaked
1,行云流水,行云流水,SiDvPqx3zXcIwqVOXgK4ffgIkcU02va5nN,72100,14436.56854,2906.246324,19.681434,0
2,大海,无语伦比,SjSVgZnbFH5JjqhEAj14gIqi0d2K0gp0KT,48870,6788.147687,454.448618,11.77819,0
3,丽丽,恭喜发财,SWog3ML7kfsYIVVbdNSFToAS9LxcPaY7wd,31180,137.637723,2276.811497,9.545586,0
4,奔跑的小蜗牛,扬帆起航,SyICADDDG5vCv8sLZoHuXbRpAbF1XwUv5W,32400,526.734448,2501.118983,0.744792,0
5,轻度,随心所欲,SuzwaXLWVKJyhoChainxV294rh0odWiQtE,32000,1595.824882,752.395527,150.247271,0
6,张青安,DSC,ShCQFbo4xm1k40Ih7g4byWAEpgoBYvYkhz,30010,1.550416,3139.321006,1.210904,0
7,心想事成-1,搬砖猫,SAeWZ9qhvky6Iv9SsZRWZMUg9q2CZGuqYL,25100,17.432499,766.60701,0.002388,0
8,惠亿佳建材,惠亿佳,SRgu7AMTBSXHncZ3ZQe9J7L5d8qH1fXBRf,27100,2005.394084,1494.02685,0.631151,0
9,徐总,百炼,SKjqgj59BUQ8eKgZGvmXmvbW8GSZFczxdF,24000,51.609003,158.396676,4.915081,0
10,华洋商行林迎民,131419,SXC2q0kcn2Tku9M4yXMoPVouMPc4EbxzpO,13990,29.585365,992.626114,0.652435,0
11,行云流水,行云流水,SiDvPqx3zXcIwqVOXgK4ffgIkcU02va5nN,72100,14436.56854,2906.246324,19.681434,0
12,大海,无语伦比,SjSVgZnbFH5JjqhEAj14gIqi0d2K0gp0KT,48870,6788.147687,454.448618,11.77819,0
13,丽丽,恭喜发财,SWog3ML7kfsYIVVbdNSFToAS9LxcPaY7wd,31180,137.637723,2276.811497,9.545586,0
14,奔跑的小蜗牛,扬帆起航,SyICADDDG5vCv8sLZoHuXbRpAbF1XwUv5W,32400,526.734448,2501.118983,0.744792,0
15,轻度,随心所欲,SuzwaXLWVKJyhoChainxV294rh0odWiQtE,32000,1595.824882,752.395527,150.247271,0
16,张青安,DSC,ShCQFbo4xm1k40Ih7g4byWAEpgoBYvYkhz,30010,1.550416,3139.321006,1.210904,0
17,心想事成-1,搬砖猫,SAeWZ9qhvky6Iv9SsZRWZMUg9q2CZGuqYL,25100,17.432499,766.60701,0.002388,0
18,惠亿佳建材,惠亿佳,SRgu7AMTBSXHncZ3ZQe9J7L5d8qH1fXBRf,27100,2005.394084,1494.02685,0.631151,0
19,徐总,百炼,SKjqgj59BUQ8eKgZGvmXmvbW8GSZFczxdF,24000,51.609003,158.396676,4.915081,0
20,华洋商行林迎民,131419,SXC2q0kcn2Tku9M4yXMoPVouMPc4EbxzpO,13990,29.585365,992.626114,0.652435,0
